<?xml version="1.0" encoding="UTF-8"?>
<project-private xmlns="http://www.netbeans.org/ns/project-private/1">
    <editor-bookmarks xmlns="http://www.netbeans.org/ns/editor-bookmarks/2" lastBookmarkId="0"/>
    <open-files xmlns="http://www.netbeans.org/ns/projectui-open-files/2">
        <group>
            <file>file:/C:/Users/ryans/Desktop/EAD%20-%201/EAD-Project/Version%200.2/Budget%20Expense%20Management%20System%20V0.1/src/Reports/VReportFrom.java</file>
            <file>file:/C:/Users/ryans/Desktop/EAD%20-%201/EAD-Project/Version%200.2/Budget%20Expense%20Management%20System%20V0.1/src/Reports/report1.jrxml</file>
        </group>
    </open-files>
</project-private>
